type,frequency
CD34+HLAE+,37.88545427
CD34+HLAE-,59.77196181
